kernel,mean_acc,std_acc
3x3,0.989071422815,0.001287038690
5x5,0.990785706043,0.000839084034
7x7,0.989500010014,0.001071694489