kernel,mean_loss,std_loss
3x3,0.055769731849,0.011721134209
5x5,0.049377020821,0.009184015556
7x7,0.062973192707,0.008358963852